nombre,apellido,correo,elo
Tomás,González Demo,alumno01@demo.chessquery.cl,1450
Valentina,Muñoz Demo,alumno02@demo.chessquery.cl,1700
Matías,Rojas Demo,alumno03@demo.chessquery.cl,1940
Catalina,Díaz Demo,alumno04@demo.chessquery.cl,1950
Benjamín,Pérez Demo,alumno05@demo.chessquery.cl,1430
Javiera,Soto Demo,alumno06@demo.chessquery.cl,1580
Vicente,Contreras Demo,alumno07@demo.chessquery.cl,2060
Antonia,Silva Demo,alumno08@demo.chessquery.cl,2090
Joaquín,Martínez Demo,alumno09@demo.chessquery.cl,2010
Isidora,Sepúlveda Demo,alumno10@demo.chessquery.cl,1830
Martín,Morales Demo,alumno11@demo.chessquery.cl,2030
Florencia,Fuentes Demo,alumno12@demo.chessquery.cl,2000
Agustín,Hernández Demo,alumno13@demo.chessquery.cl,1920
Josefa,Torres Demo,alumno14@demo.chessquery.cl,2050
Lucas,Araya Demo,alumno15@demo.chessquery.cl,1860
Emilia,Flores Demo,alumno16@demo.chessquery.cl,1600
